Workbook

Sheet Сводный ресурсный план
A1: Ресурсный план Апрель - Июнь 2026
A3: Распределение времени по кварталу
A5: Всего | C5: =C6+C9 -> 1 | F5: План на 1 сотрудника
A6: Задачи бизнеса | C6: =C7+C8 -> 0.7 | G6: Должность | H6: Часов в спринте для расчета времени на ТЗ | I6: Сопровождение
B7: Ключевые задачи (развитие бизнеса) - от общего количества времени | C7: 0.55 | G7: Аналитик | H7: 15 | I7: 10
B8: Задачи поддержки (текущие небольшие задачи) | C8: 0.15 | G8: Разработчик | H8: 25 | I8: 5
A9: Внутренние задачи | C9: =C10+C11 -> 0.3 | G9: Тестировщик | H9: 25 | I9: 5
B10: Задачи архитектуры | C10: 0.15 | G10: Руководитель разработки | H10: 15 | I10: 0
B11: Прочие задачи ИТ (заявки админов, баги, рефакторинг и прочее) | C11: 0.15 | G11: Руководитель аналитиков | H11: 5 | I11: 0
A14: 3 спринт (полный, без учета отпусков)
A16: Аналитик | B16: 3 | C16: =G16*$C$7 -> 24.75 | D16: =G16*$C$8 -> 6.75 | E16: =G16*$C$10 -> 6.75 | F16: =G16*$C$11 -> 6.75 | G16: 45
A17: Тестировщик | B17: 3 | C17: =G17*$C$7 -> 41.25 | D17: =G17*$C$8 -> 11.25 | E17: =G17*$C$10 -> 11.25 | F17: =G17*$C$11 -> 11.25 | G17: 75
A18: Разработчик | B18: 3 | C18: =G18*$C$7 -> 41.25 | D18: =G18*$C$8 -> 11.25 | E18: =G18*$C$10 -> 11.25 | F18: =G18*$C$11 -> 11.25 | G18: 75
B19: =SUM(B16:B18) -> 9 | C19: =SUM(C16:C18) -> 107.25 | D19: =SUM(D16:D18) -> 29.25 | E19: =SUM(E16:E18) -> 29.25 | F19: =SUM(F16:F18) -> 29.25 | G19: =SUM(G16:G18) -> 195
A21: 1 месяц | B21: 4 спринта
A23: Аналитик | B23: 3 | C23: =G23*$C$7 -> 85.8 | D23: =G23*$C$8 -> 23.4 | E23: =G23*$C$10 -> 23.4 | F23: =G23*$C$11 -> 23.4 | G23: ='Детальный ресурсный план '!F7 -> 156
A24: Тестировщик | B24: 3 | C24: =G24*$C$7 -> 115.5 | D24: =G24*$C$8 -> 31.5 | E24: =G24*$C$10 -> 31.5 | F24: =G24*$C$11 -> 31.5 | G24: ='Детальный ресурсный план '!F12 -> 210
A25: Разработчик | B25: 3 | C25: =G25*$C$7 -> 143 | D25: =G25*$C$8 -> 39 | E25: =G25*$C$10 -> 39 | F25: =G25*$C$11 -> 39 | G25: ='Детальный ресурсный план '!F17 -> 260
A26: Итого | B26: =SUM(B23:B25) -> 9 | C26: =SUM(C23:C25) -> 344.3 | D26: =SUM(D23:D25) -> 93.9 | E26: =SUM(E23:E25) -> 93.9 | F26: =SUM(F23:F25) -> 93.9 | G26: =SUM(G23:G25) -> 626
A28: 2 месяц | B28: 4 спринта
A30: Аналитик | B30: 3 | C30: =G30*$C$7 -> 94.05 | D30: =G30*$C$8 -> 25.65 | E30: =G30*$C$10 -> 25.65 | F30: =G30*$C$11 -> 25.65 | G30: ='Детальный ресурсный план '!K7 -> 171
A31: Тестировщик | B31: 3 | C31: =G31*$C$7 -> 156.75 | D31: =G31*$C$8 -> 42.75 | E31: =G31*$C$10 -> 42.75 | F31: =G31*$C$11 -> 42.75 | G31: ='Детальный ресурсный план '!K12 -> 285
A32: Разработчик | B32: 3 | C32: =G32*$C$7 -> 143 | D32: =G32*$C$8 -> 39 | E32: =G32*$C$10 -> 39 | F32: =G32*$C$11 -> 39 | G32: ='Детальный ресурсный план '!K17 -> 260
A33: Итого | B33: =SUM(B30:B32) -> 9 | C33: =SUM(C30:C32) -> 393.8 | D33: =SUM(D30:D32) -> 107.4 | E33: =SUM(E30:E32) -> 107.4 | F33: =SUM(F30:F32) -> 107.4 | G33: =SUM(G30:G32) -> 716
A35: 3 месяц | B35: 5 спринтов
A37: Аналитик | B37: 3 | C37: =G37*$C$7 -> 95.7 | D37: =G37*$C$8 -> 26.1 | E37: =G37*$C$10 -> 26.1 | F37: =G37*$C$11 -> 26.1 | G37: ='Детальный ресурсный план '!Q7 -> 174
A38: Тестировщик | B38: 3 | C38: =G38*$C$7 -> 159.5 | D38: =G38*$C$8 -> 43.5 | E38: =G38*$C$10 -> 43.5 | F38: =G38*$C$11 -> 43.5 | G38: ='Детальный ресурсный план '!Q12 -> 290
A39: Разработчик | B39: 3 | C39: =G39*$C$7 -> 173.25 | D39: =G39*$C$8 -> 47.25 | E39: =G39*$C$10 -> 47.25 | F39: =G39*$C$11 -> 47.25 | G39: ='Детальный ресурсный план '!Q17 -> 315
A40: Итого | B40: =SUM(B37:B39) -> 9 | C40: =SUM(C37:C39) -> 428.45 | D40: =SUM(D37:D39) -> 116.85 | E40: =SUM(E37:E39) -> 116.85 | F40: =SUM(F37:F39) -> 116.85 | G40: =SUM(G37:G39) -> 779
A42: Итого период
A44: Аналитик | B44: 3 | C44: =C23+C30+C37 -> 275.55 | D44: =D23+D30+D37 -> 75.15 | E44: =E23+E30+E37 -> 75.15 | F44: =F23+F30+F37 -> 75.15 | G44: =G23+G30+G37 -> 501
A45: Тестировщик | B45: 3 | C45: =C24+C31+C38 -> 431.75 | D45: =D24+D31+D38 -> 117.75 | E45: =E24+E31+E38 -> 117.75 | F45: =F24+F31+F38 -> 117.75 | G45: =G24+G31+G38 -> 785
A46: Разработчик | B46: 3 | C46: =C25+C32+C39 -> 459.25 | D46: =D25+D32+D39 -> 125.25 | E46: =E25+E32+E39 -> 125.25 | F46: =F25+F32+F39 -> 125.25 | G46: =G25+G32+G39 -> 835
A47: Итого | B47: =SUM(B44:B46) -> 9 | C47: =SUM(C44:C46) -> 1166.55 | D47: =SUM(D44:D46) -> 318.15 | E47: =SUM(E44:E46) -> 318.15 | F47: =SUM(F44:F46) -> 318.15 | G47: =SUM(G44:G46) -> 2121

Sheet Детальный ресурсный план 
A1: Кол-во раб.дней | B1: 5 | C1: 5 | D1: 5 | E1: 4 | G1: 5 | H1: 4 | I1: 5 | J1: 5 | L1: 5 | M1: 4 | N1: 5 | O1: 5 | P1: 2
A2: № спринта | B2: 14 | C2: 15 | D2: 16 | E2: 17 | F2: Итого апрель | G2: 18 | H2: 19 | I2: 20 | J2: 21 | K2: Итого май | L2: 22 | M2: 23 | N2: 24 | O2: 25 | P2: 26 | Q2: Итого июнь
A3: Дата спринта | B3: 06.04-12.04 | C3: 13.04-19.04 | D3: 20.04-26.04 | E3: 27.04-03.05 | G3: 04.05-10.05 | H3: 11.05-17.05 | I3: 18.05-24.05 | J3: 25.05-31.05 | L3: 01.06-07.06 | M3: 08.06-14.06 | N3: 15.06-21.06 | O3: 22.06-28.06 | P3: 29.06-05.07
A4: Благушина Валерия Игоревна | B4: 15 | C4: 15 | D4: 15 | E4: 12 | F4: =SUM(B4:E4) -> 57 | G4: 15 | H4: 12 | I4: 15 | J4: 15 | K4: =SUM(G4:J4) -> 57 | L4: 15 | M4: 12 | N4: 15 | O4: 15 | P4: 6 | Q4: =SUM(L4:P4) -> 63
A5: Корсакова Алеся Анатольевна | B5: 15 | C5: 15 | D5: 15 | E5: 12 | F5: =SUM(B5:E5) -> 57 | G5: 15 | H5: 12 | I5: 15 | J5: 15 | K5: =SUM(G5:J5) -> 57 | L5: 0 | M5: 12 | N5: 15 | O5: 15 | P5: 6 | Q5: =SUM(L5:P5) -> 48
A6: Байдакова Евгения | B6: 15 | C6: 0 | D6: 15 | E6: 12 | F6: =SUM(B6:E6) -> 42 | G6: 15 | H6: 12 | I6: 15 | J6: 15 | K6: =SUM(G6:J6) -> 57 | L6: 15 | M6: 12 | N6: 15 | O6: 15 | P6: 6 | Q6: =SUM(L6:P6) -> 63
A7: Итого Аналитик | B7: =SUM(B4:B6) -> 45 | C7: =SUM(C4:C6) -> 30 | D7: =SUM(D4:D6) -> 45 | E7: =SUM(E4:E6) -> 36 | F7: =SUM(B7:E7) -> 156 | G7: =SUM(G4:G6) -> 45 | H7: =SUM(H4:H6) -> 36 | I7: =SUM(I4:I6) -> 45 | J7: =SUM(J4:J6) -> 45 | K7: =SUM(G7:J7) -> 171 | L7: =SUM(L4:L6) -> 30 | M7: =SUM(M4:M6) -> 36 | N7: =SUM(N4:N6) -> 45 | O7: =SUM(O4:O6) -> 45 | P7: =SUM(P4:P6) -> 18 | Q7: =SUM(L7:P7) -> 174
A9: Кремповский Павел Романович | B9: 25 | C9: 25 | D9: 25 | E9: 20 | F9: =SUM(B9:E9) -> 95 | G9: 25 | H9: 20 | I9: 25 | J9: 25 | K9: =SUM(G9:J9) -> 95 | L9: 25 | M9: 20 | N9: 25 | O9: 25 | P9: 10 | Q9: =SUM(L9:P9) -> 105
A10: Кузин Арсений Геннадьевич | B10: 25 | C10: 25 | D10: 0 | E10: 20 | F10: =SUM(B10:E10) -> 70 | G10: 25 | H10: 20 | I10: 25 | J10: 25 | K10: =SUM(G10:J10) -> 95 | L10: 25 | M10: 20 | N10: 25 | O10: 25 | P10: 10 | Q10: =SUM(L10:P10) -> 105
A11: Копелович Елизавета Кирилловна | B11: 0 | C11: 0 | D11: 25 | E11: 20 | F11: =SUM(B11:E11) -> 45 | G11: 25 | H11: 20 | I11: 25 | J11: 25 | K11: =SUM(G11:J11) -> 95 | L11: 25 | M11: 20 | N11: 0 | O11: 25 | P11: 10 | Q11: =SUM(L11:P11) -> 80
A12: Итого Тестировщик | B12: =SUM(B9:B11) -> 50 | C12: =SUM(C9:C11) -> 50 | D12: =SUM(D9:D11) -> 50 | E12: =SUM(E9:E11) -> 60 | F12: =SUM(B12:E12) -> 210 | G12: =SUM(G9:G11) -> 75 | H12: =SUM(H9:H11) -> 60 | I12: =SUM(I9:I11) -> 75 | J12: =SUM(J9:J11) -> 75 | K12: =SUM(G12:J12) -> 285 | L12: =SUM(L9:L11) -> 75 | M12: =SUM(M9:M11) -> 60 | N12: =SUM(N9:N11) -> 50 | O12: =SUM(O9:O11) -> 75 | P12: =SUM(P9:P11) -> 30 | Q12: =SUM(L12:P12) -> 290
A14: Бутенко Илья Денисович | B14: 25 | C14: 25 | D14: 25 | E14: 20 | F14: =SUM(B14:E14) -> 95 | G14: 25 | H14: 20 | I14: 25 | J14: 25 | K14: =SUM(G14:J14) -> 95 | L14: 25 | M14: 20 | N14: 25 | O14: 25 | P14: 10 | Q14: =SUM(L14:P14) -> 105
A15: Луха Олег Валентинович | B15: 25 | C15: 0 | D15: 25 | E15: 20 | F15: =SUM(B15:E15) -> 70 | G15: 0 | H15: 20 | I15: 25 | J15: 25 | K15: =SUM(G15:J15) -> 70 | L15: 25 | M15: 20 | N15: 25 | O15: 25 | P15: 10 | Q15: =SUM(L15:P15) -> 105
A16: Гальцев Олег Владимирович | B16: 25 | C16: 25 | D16: 25 | E16: 20 | F16: =SUM(B16:E16) -> 95 | G16: 25 | H16: 20 | I16: 25 | J16: 25 | K16: =SUM(G16:J16) -> 95 | L16: 25 | M16: 20 | N16: 25 | O16: 25 | P16: 10 | Q16: =SUM(L16:P16) -> 105
A17: Итого Разработчик | B17: =SUM(B14:B16) -> 75 | C17: =SUM(C14:C16) -> 50 | D17: =SUM(D14:D16) -> 75 | E17: =SUM(E14:E16) -> 60 | F17: =SUM(B17:E17) -> 260 | G17: =SUM(G14:G16) -> 50 | H17: =SUM(H14:H16) -> 60 | I17: =SUM(I14:I16) -> 75 | J17: =SUM(J14:J16) -> 75 | K17: =SUM(G17:J17) -> 260 | L17: =SUM(L14:L16) -> 75 | M17: =SUM(M14:M16) -> 60 | N17: =SUM(N14:N16) -> 75 | O17: =SUM(O14:O16) -> 75 | P17: =SUM(P14:P16) -> 30 | Q17: =SUM(L17:P17) -> 315

Sheet Типовые задачи
A3: План на 1 сотрудника
A4: Должность | B4: Всего часов в спринте | C4: ТЗ | D4: Описание работ | E4: Сопровождение | F4: Описание работ | G4: Прочие задачи | H4: Описание работ
A5: Аналитик | B5: 35 | C5: 15 | D5: Время на сбор требований, написание ТЗ, согласование ТЗ и ответы на вопросы при согласовании ТЗ | E5: 10 | F5: тестирование по бизнес-процессам, сопровождение задачи после выкатки на бой | G5: 10 | H5: Организационные встречи (митапы, ретро). Рабочие встречи с заказчиками (в том числе внутренними) для обсуждения предстоящих работ (по которым еще нет задач в Битрикс/Jira)
A7: Должность | B7: Всего часов в спринте | C7: Разработка | D7: Описание работ | E7: Исправление багов при разработке | F7: Описание работ | G7: Прочие задачи | H7: Описание работ
A8: Разработчик | B8: 35 | C8: 25 | D8: Время на разработку задач спринта | E8: 5 | F8: Время на исправление багов по задачам спринта | G8: 5 | H8: Организационные встречи (митапы, ретро), оценка задач, код-ревью, обсуждение задач вне задач спринта
A10: Должность | B10: Всего часов в спринте | C10: Тестирование | D10: Описание работ | E10: Баги с прода | F10: Описание работ | G10: Прочие задачи | H10: Описание работ
A11: Тестировщик | B11: 35 | C11: 25 | D11: Тестирование задач спринта | E11: 5 | F11: Анализ выявленных багов с прода, постановка багов разработчикам или объяснение корректности работы | G11: 5 | H11: Организационные встречи (митапы, ретро и проче), обсуждение задач вне задач спринта
C13: Руководитель разработки
A14: Руководитель разработки | B14: 15 | C14: 15 | D14: Время на разработку задач спринта | E14: 0 | G14: 0
C16: ТЗ
A17: Руководитель аналитиков | B17: 5 | C17: 5 | D17: Время на сбор требований, написание ТЗ, согласование ТЗ и ответы на вопросы при согласовании ТЗ | E17: 0 | G17: 0
B19: время, учитываемое при планировании квартальных задач (любых)
