Workbook

Sheet Сводный ресурсный план
A1: Ресурсный план 2 квартал
A3: Распределение времени по кварталу
A5: Всего | C5: =C6+C9 -> 1 | F5: План на 1 сотрудника
A6: Задачи бизнеса | C6: =C7+C8 -> 0.7 | G6: Должность | H6: Часов в спринте для расчета времени на ТЗ | I6: Сопровождение | J6: Прочие задачи
B7: Ключевые задачи (развитие бизнеса) - от общего количества времени | C7: 0.5 | G7: Аналитик | H7: ='Типовые задачи'!C5 -> 23 | I7: ='Типовые задачи'!E5 -> 4 | J7: ='Типовые задачи'!G5 -> 8
B8: Задачи поддержки (текущие небольшие задачи) | C8: 0.2 | G8: Разработчик | H8: ='Типовые задачи'!C8 -> 20 | I8: ='Типовые задачи'!E8 -> 10 | J8: ='Типовые задачи'!G8 -> 5
A9: Внутренние задачи | C9: =C10+C11 -> 0.3 | G9: Тестировщик | H9: ='Типовые задачи'!C11 -> 10.5 | I9: ='Типовые задачи'!E11 -> 7 | J9: 0
B10: Задачи архитектуры | C10: 0.05
B11: Прочие задачи ИТ (заявки админов, баги, рефакторинг и прочее) | C11: 0.25 | F11: Задачи планируются на разработчиков и аналитиков, исходя их полной загрузки. Планирование задач на тим-лидов аналитиков и разработчиков зависит от конкретной ИС (детали отражены в Детальном ресурсном плане)
A14: 1 спринт (полный, без учета отпусков)
A15: Ресурсы | B15: Количество сотрудников | C15: Ключевые задачи | D15: Поддержка | E15: Задачи Архитектуры | F15: Прочие задачи ИТ | G15: Итого
A16: Аналитики | B16: 1 | C16: =B16*$H$7*$C$7 -> 11.5 | D16: =$B16*$H7*$C$8 -> 4.6 | E16: =$B16*$H$7*$C$10 -> 1.15 | F16: =$B16*$H$7*$C$11 -> 5.75 | G16: =SUM(C16:F16) -> 23
A17: Разработка | B17: 1.5 | C17: =B17*$H8*$C$7 -> 15 | D17: =$B17*$H$8*$C$8 -> 6 | E17: =$B17*$H$8*$C$10 -> 1.5 | F17: =$B17*$H$8*$C$11 -> 7.5 | G17: =SUM(C17:F17) -> 30
A18: Тестирование | B18: 0.5 | C18: =B18*$H9*$C$7 -> 2.625 | D18: =$B18*$H$9*$C$8 -> 1.05 | E18: =$B18*$H9*$C$10 -> 0.2625 | F18: =$B18*$H9*$C$11 -> 1.3125 | G18: =SUM(C18:F18) -> 5.25
A19: Итого | B19: =SUM(B16:B18) -> 3 | C19: =SUM(C16:C18) -> 29.125 | D19: =SUM(D16:D18) -> 11.65 | E19: =SUM(E16:E18) -> 2.9125 | F19: =SUM(F16:F18) -> 14.5625 | G19: =SUM(G16:G18) -> 58.25
A22: 1 месяц | B22: 4 | C22: спринта
A23: Ресурсы | B23: Количество сотрудников | C23: Ключевые задачи | D23: Поддержка | E23: Задачи Архитектуры | F23: Прочие задачи ИТ | G23: Итого
A24: Аналитики | B24: 1 | C24: =G24*$C$7 -> 70 | D24: =G24*$C$8 -> 28 | E24: =G24*$C$10 -> 7 | F24: =G24*$C$11 -> 35 | G24: ='Детальный ресурсный план '!F6 -> 140
A25: Разработка | B25: 1.5 | C25: =G25*$C$7 -> 158 | D25: =G25*$C$8 -> 63.2 | E25: =G25*$C$10 -> 15.8 | F25: =G25*$C$11 -> 79 | G25: ='Детальный ресурсный план '!F12 -> 316
A26: Тестирование | B26: 0.5 | C26: =G26*$C$7 -> 35 | D26: =G26*$C$8 -> 14 | E26: =G26*$C$10 -> 3.5 | F26: =G26*$C$11 -> 17.5 | G26: ='Детальный ресурсный план '!F16 -> 70
A27: Итого | B27: =SUM(B24:B26) -> 3 | C27: =SUM(C24:C26) -> 263 | D27: =SUM(D24:D26) -> 105.2 | E27: =SUM(E24:E26) -> 26.3 | F27: =SUM(F24:F26) -> 131.5 | G27: =SUM(G24:G26) -> 526
A30: 2 месяц | B30: 4 | C30: спринта
A31: Ресурсы | B31: Количество сотрудников | C31: Ключевые задачи | D31: Поддержка | E31: Задачи Архитектуры | F31: Прочие задачи ИТ | G31: Итого
A32: Аналитики | B32: 1 | C32: =G32*$C$7 -> 62 | D32: =G32*$C$8 -> 24.8 | E32: =G32*$C$10 -> 6.2 | F32: =G32*$C$11 -> 31 | G32: ='Детальный ресурсный план '!K6 -> 124
A33: Разработка | B33: 1.5 | C33: =G33*$C$7 -> 134 | D33: =G33*$C$8 -> 53.6 | E33: =G33*$C$10 -> 13.4 | F33: =G33*$C$11 -> 67 | G33: ='Детальный ресурсный план '!K12 -> 268
A34: Тестирование | B34: 0.5 | C34: =G34*$C$7 -> 27 | D34: =G34*$C$8 -> 10.8 | E34: =G34*$C$10 -> 2.7 | F34: =G34*$C$11 -> 13.5 | G34: ='Детальный ресурсный план '!K16 -> 54
A35: Итого | B35: =SUM(B32:B34) -> 3 | C35: =SUM(C32:C34) -> 223 | D35: =SUM(D32:D34) -> 89.2 | E35: =SUM(E32:E34) -> 22.3 | F35: =SUM(F32:F34) -> 111.5 | G35: =SUM(G32:G34) -> 446
A38: 3 месяц | B38: 4 | C38: спринта
A39: Ресурсы | B39: Количество сотрудников | C39: Ключевые задачи | D39: Поддержка | E39: Задачи Архитектуры | F39: Прочие задачи ИТ | G39: Итого
A40: Аналитики | B40: 1 | C40: =G40*$C$7 -> 66 | D40: =G40*$C$8 -> 26.4 | E40: =G40*$C$10 -> 6.6 | F40: =G40*$C$11 -> 33 | G40: ='Детальный ресурсный план '!P6 -> 132
A41: Разработка | B41: 1.5 | C41: =G41*$C$7 -> 138 | D41: =G41*$C$8 -> 55.2 | E41: =G41*$C$10 -> 13.8 | F41: =G41*$C$11 -> 69 | G41: ='Детальный ресурсный план '!P12 -> 276
A42: Тестирование | B42: 0.5 | C42: =G42*$C$7 -> 31 | D42: =G42*$C$8 -> 12.4 | E42: =G42*$C$10 -> 3.1 | F42: =G42*$C$11 -> 15.5 | G42: ='Детальный ресурсный план '!P16 -> 62
A43: Итого | B43: =SUM(B40:B42) -> 3 | C43: =SUM(C40:C42) -> 235 | D43: =SUM(D40:D42) -> 94 | E43: =SUM(E40:E42) -> 23.5 | F43: =SUM(F40:F42) -> 117.5 | G43: =SUM(G40:G42) -> 470
A45: Итого квартал
A46: Ресурсы | B46: Количество сотрудников | C46: Ключевые задачи | D46: Поддержка | E46: Задачи Архитектуры | F46: Прочие задачи ИТ | G46: Итого
A47: Аналитики | B47: 1 | C47: =C40+C32+C24 -> 198 | D47: =D40+D32+D24 -> 79.2 | E47: =E40+E32+E24 -> 19.8 | F47: =F40+F32+F24 -> 99 | G47: =G40+G32+G24 -> 396
A48: Разработка | B48: 1.5 | C48: =C41+C33+C25 -> 430 | D48: =D41+D33+D25 -> 172 | E48: =E41+E33+E25 -> 43 | F48: =F41+F33+F25 -> 215 | G48: =G41+G33+G25 -> 860
A49: Тестирование | B49: 0.5 | C49: =C42+C34+C26 -> 93 | D49: =D42+D34+D26 -> 37.2 | E49: =E42+E34+E26 -> 9.3 | F49: =F42+F34+F26 -> 46.5 | G49: =G42+G34+G26 -> 186
A50: Итого | B50: =SUM(B47:B49) -> 3 | C50: =SUM(C47:C49) -> 721 | D50: =SUM(D47:D49) -> 288.4 | E50: =SUM(E47:E49) -> 72.1 | F50: =SUM(F47:F49) -> 360.5 | G50: =G47+G48+G49 -> 1442
B54: Информационное поле, не участвуюущее в расчетах

Sheet Детальный ресурсный план 
A3: № спринта | B3: 14 | C3: 15 | D3: 16 | E3: 17 | F3: итого апрель | G3: 18 | H3: 19 | I3: 20 | J3: 21 | K3: итого май | L3: 22 | M3: 23 | N3: 24 | O3: 25 | P3: июнь
A4: Дата спринта | B4: 01.04.26 - 07.04.26 | C4: 08.04.26 - 14.04.26 | D4: 15.04.26 - 21.04.26 | E4: 22.04.26 - 28.04.26 | G4: 29.04.26 - 05.05.26 | H4: 06.05.26 - 12.05.26 | I4: 20.05.26 - 26.05.26 | J4: 27.05.26 - 02.06.26 | L4: 03.06.26 - 09.06.26 | M4: 10.06.26 - 16.06.26 | N4: 17.06.26 - 23.06.26 | O4: 24.06.26 - 30.06.26
A5: Сатдинов Ф. | B5: 35 | C5: 35 | D5: 35 | E5: 35 | F5: =SUM(A5:B5:E5) -> 140 | G5: 27 | H5: 27 | I5: 35 | J5: 35 | K5: =SUM(G5:J5) -> 124 | L5: 35 | M5: 27 | N5: 35 | O5: 35 | P5: =SUM(L5:O5) -> 132
A6: Итого Аналитики | B6: =SUM(B5:B5) -> 35 | C6: =SUM(C5:C5) -> 35 | D6: =SUM(D5:D5) -> 35 | E6: =SUM(E5:E5) -> 35 | F6: =SUM(A6:B6:E6) -> 140 | G6: =SUM(G5:G5) -> 27 | H6: =SUM(H5:H5) -> 27 | I6: =SUM(I5:I5) -> 35 | J6: =SUM(J5:J5) -> 35 | K6: =SUM(K5:K5) -> 124 | L6: =SUM(L5:L5) -> 35 | M6: =SUM(M5:M5) -> 27 | N6: =SUM(N5:N5) -> 35 | ... P6: =SUM(P5:P5) -> 132
A8: Ахметзянова А. | B8: 0 | C8: 0 | D8: 0 | E8: 0 | F8: 0 | G8: 0 | H8: 0 | I8: 0 | J8: 0 | K8: 0 | L8: 0 | M8: 0 | N8: 0 | O8: 0 | P8: =SUM(L8:O8) -> 0
A9: Чепурин Д. | B9: 30 | C9: 30 | D9: 30 | E9: 30 | F9: =SUM(A9:B9:E9) -> 120 | G9: 22 | H9: 22 | I9: 30 | J9: 30 | K9: =SUM(G9:J9) -> 104 | L9: 30 | M9: 22 | N9: 30 | O9: 30 | P9: =SUM(L9:O9) -> 112
A10: Власова Ю. | B10: 14 | C10: 14 | D10: 14 | E10: 14 | F10: =SUM(A10:B10:E10) -> 56 | G10: 6 | H10: 6 | I10: 14 | J10: 14 | K10: =SUM(G10:J10) -> 40 | L10: 14 | M10: 6 | N10: 14 | O10: 14 | P10: =SUM(L10:O10) -> 48
A11: Ступин А. | B11: 35 | C11: 35 | D11: 35 | E11: 35 | F11: =SUM(A11:B11:E11) -> 140 | G11: 27 | H11: 27 | I11: 35 | J11: 35 | K11: =SUM(G11:J11) -> 124 | L11: 35 | M11: 27 | N11: 35 | O11: 19 | P11: =SUM(L11:O11) -> 116
A12: Итого Разработчики | B12: =SUM(B8:B11) -> 79 | C12: =SUM(C8:C11) -> 79 | D12: =SUM(D8:D11) -> 79 | E12: =SUM(E8:E11) -> 79 | F12: =SUM(F8:F11) -> 316 | G12: =SUM(G8:G11) -> 55 | H12: =SUM(H8:H11) -> 55 | I12: =SUM(I8:I11) -> 79 | ... P12: =SUM(P8:P11) -> 276
A14: Тестирование | B14: 17.5 | C14: 17.5 | D14: 17.5 | E14: 17.5 | F14: =SUM(A14:B14:E14) -> 70 | G14: 9.5 | H14: 9.5 | I14: 17.5 | J14: 17.5 | K14: =SUM(G14:J14) -> 54 | L14: 17.5 | M14: 9.5 | N14: 17.5 | O14: 17.5 | P14: =SUM(L14:O14) -> 62
A16: Итого Тестировщики | B16: =SUM(B14:B15) -> 17.5 | C16: =SUM(C14:C15) -> 17.5 | D16: =SUM(D14:D15) -> 17.5 | E16: =SUM(E14:E15) -> 17.5 | F16: =F14 -> 70 | G16: =SUM(G14:G15) -> 9.5 | H16: =SUM(H14:H15) -> 9.5 | I16: =SUM(I14:I15) -> 17.5 | J16: =SUM(J14:J15) -> 17.5 | K16: =K14 -> 54 | L16: =SUM(L14:L15) -> 17.5 | M16: =SUM(M14:M15) -> 9.5 | N16: =SUM(N14:N15) -> 17.5 | O16: =SUM(O14:O15) -> 17.5 | P16: =P14 -> 62
A19: Квартал: 1442 | F19: 526 | K19: 446 | P19: 470

Sheet Типовые задачи
A3: План на 1 сотрудника
A4: Должность | B4: Всего часов в спринте | C4: ТЗ | D4: Описание работ | E4: Сопровождение | F4: Описание работ | G4: Прочие задачи | H4: Описание работ
A5: Аналитик | B5: 35 | C5: 23 | D5: Время на сбор требований, написание ТЗ, согласование ТЗ и ответы на вопросы при согласовании ТЗ | E5: 4 | F5: тестирование по бизнес-процессам, сопровождение задачи после выкатки на бой | G5: 8 | H5: Организационные встречи (митапы, ретро). Рабочие встречи с заказчиками (в том числе внутренними) для обсуждения предстоящих работ (по которым еще нет задач в Битрикс/Jira)
A7: Должность | B7: Всего часов в спринте | C7: Разработка | D7: Описание работ | E7: Исправление багов при разработке | F7: Описание работ | G7: Прочие задачи | H7: Описание работ
A8: Разработчик | B8: 35 | C8: 20 | D8: Время на разработку задач спринта | E8: 10 | F8: Время на исправление багов по задачам спринта | G8: 5 | H8: Организационные встречи (митапы, ретро), оценка задач, код-ревью, обсуждение задач вне задач спринта
A10: Должность | B10: Всего часов в спринте | C10: Тестирование | D10: Описание работ | E10: Баги с прода | F10: Описание работ | G10: Прочие задачи | H10: Описание работ
A11: Тестировщик | B11: 17.5 | C11: 10.5 | D11: Тестирование задач спринта | E11: 7 | F11: Анализ выявленных багов с прода, постановка багов разработчикам или объяснение корректности работы | G11: 0 | H11: Организационные встречи (митапы, ретро и проче), обсуждение задач вне задач спринта
B14: время, учитываемое при планировании квартальных задач (любых)
