Workbook

Sheet Сводный ресурсный план
A1: Ресурсный план 2 квартал
A3: Распределение времени по кварталу
A5: Всего | C5: =C6+C9 -> 1 | F5: План на 1 сотрудника
A6: Задачи бизнеса | C6: =C7+C8 -> 0.7 | G6: Должность | H6: Часов в спринте для расчета времени на ТЗ | I6: Сопровождение
B7: Ключевые задачи (развитие бизнеса) - от общего количества времени | C7: 0.55 | G7: Аналитик | H7: ='Типовые задачи'!C5 -> 15 | I7: 10
B8: Задачи поддержки (текущие небольшие задачи) | C8: 0.15 | G8: Разработчик | H8: ='Типовые задачи'!C8 -> 25
A9: Внутренние задачи | C9: =C10+C11 -> 0.3 | G9: Тестировщик | H9: ='Типовые задачи'!C11 -> 25
B10: Задачи архитектуры | C10: 0.15
B11: Прочие задачи ИТ (заявки админов, баги, рефакторинг и прочее) | C11: 0.15 | F11: Задачи планируются на разработчиков и аналитиков, исходя их полной загрузки. Планирование задач на тим-лидов аналитиков и разработчиков зависит от конкретной ИС (детали отражены в Детальном ресурсном плане)
A14: 1 спринт (полный, без учета отпусков)
A15: Ресурсы | B15: Количество сотрудников | C15: Ключевые задачи | D15: Поддержка | E15: Задачи Архитектуры | F15: Прочие задачи ИТ | G15: Итого
A16: Аналитики | B16: 2.5 | C16: =B16*$H$7*$C$7 -> 20.625 | D16: =$B16*$H7*$C$10 -> 5.625 | E16: =$B16*$H$7*$C$10 -> 5.625 | F16: =$B16*$H$7*$C$11 -> 5.625 | G16: =SUM(C16:F16) -> 37.5
A17: Разработка | B17: 2.5 | C17: =B17*$H8*$C$7 -> 34.375 | D17: =$B17*$H$8*$C$8 -> 9.375 | E17: =$B17*$H$8*$C$10 -> 9.375 | F17: =$B17*$H$8*$C$11 -> 9.375 | G17: =SUM(C17:F17) -> 62.5
A18: Тестирование | B18: 3 | C18: =B18*$H9*$C$7 -> 41.25 | D18: =$B18*$H$9*$C$8 -> 11.25 | E18: =$B18*$H9*$C$10 -> 11.25 | F18: =$B18*$H9*$C$11 -> 11.25 | G18: =SUM(C18:F18) -> 75
A19: Итого | B19: =SUM(B16:B18) -> 8 | C19: =SUM(C16:C18) -> 96.25 | D19: =SUM(D16:D18) -> 26.25 | E19: =SUM(E16:E18) -> 26.25 | F19: =SUM(F16:F18) -> 26.25 | G19: =SUM(G16:G18) -> 175
A22: 1 месяц | B22: 3 | C22: спринта
A23: Ресурсы | B23: Количество сотрудников | C23: Ключевые задачи | D23: Поддержка | E23: Задачи Архитектуры | F23: Прочие задачи ИТ | G23: Итого
A24: Аналитики | B24: 3 | C24: =G24*$C$7 -> 60.5 | D24: =G24*$C$8 -> 16.5 | E24: =G24*$C$10 -> 16.5 | F24: =G24*$C$11 -> 16.5 | G24: ='Детальный ресурсный план '!G8 -> 110
A25: Разработка | B25: 3 | C25: =G25*$C$7 -> 124.3 | D25: =G25*$C$8 -> 33.9 | E25: =G25*$C$10 -> 33.9 | F25: =G25*$C$11 -> 33.9 | G25: ='Детальный ресурсный план '!G13 -> 226
A26: Тестирование | B26: 3 | C26: =G26*$C$7 -> 103.95 | D26: =G26*$C$8 -> 28.35 | E26: =G26*$C$10 -> 28.35 | F26: =G26*$C$11 -> 28.35 | G26: ='Детальный ресурсный план '!G18 -> 189
A27: Итого | B27: =SUM(B24:B26) -> 9 | C27: =SUM(C24:C26) -> 288.75 | D27: =SUM(D24:D26) -> 78.75 | E27: =SUM(E24:E26) -> 78.75 | F27: =SUM(F24:F26) -> 78.75 | G27: =SUM(G24:G26) -> 525
A30: 2 месяц | B30: 4 | C30: спринта
A31: Ресурсы | B31: Количество сотрудников | C31: Ключевые задачи | D31: Поддержка | E31: Задачи Архитектуры | F31: Прочие задачи ИТ | G31: Итого
A32: Аналитики | B32: 3 | C32: =G32*$C$7 -> 69.3 | D32: =G32*$C$8 -> 18.9 | E32: =G32*$C$10 -> 18.9 | F32: =G32*$C$11 -> 18.9 | G32: ='Детальный ресурсный план '!L8 -> 126
A33: Разработка | B33: 3 | C33: =G33*$C$7 -> 91.85 | D33: =G33*$C$8 -> 25.05 | E33: =G33*$C$10 -> 25.05 | F33: =G33*$C$11 -> 25.05 | G33: ='Детальный ресурсный план '!L13 -> 167
A34: Тестирование | B34: 3 | C34: =G34*$C$7 -> 135.3 | D34: =G34*$C$8 -> 36.9 | E34: =G34*$C$10 -> 36.9 | F34: =G34*$C$11 -> 36.9 | G34: ='Детальный ресурсный план '!L18 -> 246
A35: Итого | B35: =SUM(B32:B34) -> 9 | C35: =SUM(C32:C34) -> 296.45 | D35: =SUM(D32:D34) -> 80.85 | E35: =SUM(E32:E34) -> 80.85 | F35: =SUM(F32:F34) -> 80.85 | G35: =SUM(G32:G34) -> 539
A38: 3 месяц | B38: 4 | C38: спринта
A39: Ресурсы | B39: Количество сотрудников | C39: Ключевые задачи | D39: Поддержка | E39: Задачи Архитектуры | F39: Прочие задачи ИТ | G39: Итого
A40: Аналитики | B40: 3 | C40: =G40*$C$7 -> 84.15 | D40: =G40*$C$8 -> 22.95 | E40: =G40*$C$10 -> 22.95 | F40: =G40*$C$11 -> 22.95 | G40: ='Детальный ресурсный план '!R8 -> 153
A41: Разработка | B41: 3 | C41: =G41*$C$7 -> 171.6 | D41: =G41*$C$8 -> 46.8 | E41: =G41*$C$10 -> 46.8 | F41: =G41*$C$11 -> 46.8 | G41: ='Детальный ресурсный план '!R13 -> 312
A42: Тестирование | B42: 3 | C42: =G42*$C$7 -> 166.1 | D42: =G42*$C$8 -> 45.3 | E42: =G42*$C$10 -> 45.3 | F42: =G42*$C$11 -> 45.3 | G42: ='Детальный ресурсный план '!R18 -> 302
A43: Итого | B43: =SUM(B40:B42) -> 9 | C43: =SUM(C40:C42) -> 421.85 | D43: =SUM(D40:D42) -> 115.05 | E43: =SUM(E40:E42) -> 115.05 | F43: =SUM(F40:F42) -> 115.05 | G43: =SUM(G40:G42) -> 767
A45: Итого квартал
A46: Ресурсы | B46: Количество сотрудников | C46: Ключевые задачи | D46: Поддержка | E46: Задачи Архитектуры | F46: Прочие задачи ИТ | G46: Итого
A47: Аналитики | B47: 3 | C47: =C40+C32+C24 -> 213.95 | D47: =D40+D32+D24 -> 58.35 | E47: =E40+E32+E24 -> 58.35 | F47: =F40+F32+F24 -> 58.35 | G47: =G40+G32+G24 -> 389
A48: Разработка | B48: 3 | C48: =C41+C33+C25 -> 387.75 | D48: =D41+D33+D25 -> 105.75 | E48: =E41+E33+E25 -> 105.75 | F48: =F41+F33+F25 -> 105.75 | G48: =G41+G33+G25 -> 705
A49: Тестирование | B49: 3 | C49: =C42+C34+C26 -> 405.35 | D49: =D42+D34+D26 -> 110.55 | E49: =E42+E34+E26 -> 110.55 | F49: =F42+F34+F26 -> 110.55 | G49: =G42+G34+G26 -> 737
A50: Итого | B50: =SUM(B47:B49) -> 9 | C50: =SUM(C47:C49) -> 1007.05 | D50: =SUM(D47:D49) -> 274.65 | E50: =SUM(E47:E49) -> 274.65 | F50: =SUM(F47:F49) -> 274.65
B54: Информационное поле, не участвуюущее в расчетах

Sheet Детальный ресурсный план 
A2: Кол-во раб.дней | C2: 5 | D2: 5 | E2: 5 | F2: 5 | H2: 4 | I2: 4 | J2: 5 | K2: 5 | M2: 5 | N2: 5 | O2: 4 | P2: 5 | Q2: 5
A3: № спринта | C3: 14 | D3: 15 | E3: 16 | F3: 17 | G3: Итого апрель | H3: 18 | I3: 19 | J3: 20 | K3: 21 | L3: Итого май | M3: 22 | N3: 23 | O3: 24 | P3: 25 | Q3: 26 | R3: Итого июнь
A4: Дата спринта | C4: 01.04-7.04 | D4: 08.04-14.04 | E4: 15.04-21.04 | F4: 22.04-28.04 | H4: 29.04-05.05 | I4: 06.05-12.05 | J4: 13.05-19.05 | K4: 20.05-26.05 | M4: 27.05-02.06 | N4: 03.06-9.06 | O4: 10.06-16.06 | P4: 17.06-23.06 | Q4: 24.06-30.06
A5: Валерия Благушина | C5: 5 | D5: 5 | E5: 5 | F5: 5 | G5: =SUM(C5:F5) -> 20 | H5: 4 | I5: 4 | J5: 5 | K5: 5 | L5: =SUM(H5:K5) -> 18 | M5: 5 | N5: 5 | O5: 4 | P5: 5 | Q5: 5 | R5: =SUM(M5:Q5) -> 24
A6: Алеся Корсакова | C6: 15 | D6: 15 | E6: 15 | F6: 15 | G6: =SUM(C6:F6) -> 60 | H6: 12 | I6: 12 | J6: 15 | K6: 15 | L6: =SUM(H6:K6) -> 54 | M6: 9 | N6: 6 | O6: 12 | P6: 15 | Q6: 15 | R6: =SUM(M6:Q6) -> 57
A7: Евгения Байдакова | C7: 9 | D7: 0 | E7: 6 | F7: 15 | G7: =SUM(C7:F7) -> 30 | H7: 12 | I7: 12 | J7: 15 | K7: 15 | L7: =SUM(H7:K7) -> 54 | M7: 15 | N7: 15 | O7: 12 | P7: 15 | Q7: 15 | R7: =SUM(M7:Q7) -> 72
A8: Итого Аналитики | C8: =SUM(C5:C7) -> 29 | D8: =SUM(D5:D7) -> 20 | E8: =SUM(E5:E7) -> 26 | F8: =SUM(F5:F7) -> 35 | G8: =SUM(C8:F8) -> 110 | H8: =SUM(H5:H7) -> 28 | I8: =SUM(I5:I7) -> 28 | J8: =SUM(J5:J7) -> 35 | K8: =SUM(K5:K7) -> 35 | L8: =SUM(L5:L7) -> 126 | M8: =SUM(M5:M7) -> 29 | N8: =SUM(N5:N7) -> 26 | O8: =SUM(O5:O7) -> 28 | ... R8: =SUM(R5:R7) -> 153
A10: Олег Гальцев | C10: 6 | D10: 15 | E10: 15 | F10: 15 | G10: =SUM(C10:F10) -> 51 | H10: 12 | I10: 12 | J10: 15 | K10: 15 | L10: =SUM(I10:K10) -> 42 | M10: 15 | N10: 15 | O10: 12 | P10: 15 | Q10: 15 | R10: =SUM(M10:Q10) -> 72
A11: Илья Бутенко | C11: 25 | D11: 25 | E11: 25 | F11: 25 | G11: =SUM(C11:F11) -> 100 | H11: 20 | I11: 20 | J11: 25 | K11: 25 | L11: =SUM(I11:K11) -> 70 | M11: 25 | N11: 25 | O11: 20 | P11: 25 | Q11: 25 | R11: =SUM(M11:Q11) -> 120
A12: Олег Луха | C12: 25 | D12: 15 | E12: 10 | F12: 25 | G12: =SUM(C12:F12) -> 75 | H12: 10 | I12: 5 | J12: 25 | K12: 25 | L12: =SUM(I12:K12) -> 55 | M12: 25 | N12: 25 | O12: 20 | P12: 25 | Q12: 25 | R12: =SUM(M12:Q12) -> 120
A13: Итого Разработчики | C13: =SUM(C10:C12) -> 56 | D13: =SUM(D10:D12) -> 55 | E13: =SUM(E10:E12) -> 50 | F13: =SUM(F10:F12) -> 65 | G13: =SUM(C13:F13) -> 226 | H13: =SUM(H11:H12) -> 30 | I13: =SUM(I11:I12) -> 25 | J13: =SUM(J11:J12) -> 50 | K13: =SUM(K11:K12) -> 50 | L13: =SUM(L10:L12) -> 167 | M13: =SUM(M11:M12) -> 50 | N13: =SUM(N11:N12) -> 50 | O13: =SUM(O11:O12) -> 40 | P13: =SUM(P11:P12) -> 50 | Q13: =SUM(Q11:Q12) -> 50 | R13: =SUM(R10:R12) -> 312
A15: Арсений Кузин | C15: 17 | D15: 17 | E15: 10 | F15: 7 | G15: =SUM(C15:F15) -> 51 | H15: 13 | I15: 13 | J15: 17 | K15: 17 | L15: =SUM(H15:K15) -> 60 | M15: 17 | N15: 17 | O15: 13 | P15: 17 | Q15: 17 | R15: =SUM(M15:Q15) -> 81
A16: Лиза Копелович | C16: 21 | D16: 0 | E16: 14 | F16: 35 | G16: =SUM(C16:F16) -> 70 | H16: 28 | I16: 28 | J16: 35 | K16: 35 | L16: =SUM(H16:K16) -> 126 | M16: 35 | N16: 35 | O16: 21 | P16: 14 | Q16: 35 | R16: =SUM(M16:Q16) -> 140
A17: Павел Кремповский | C17: 17 | D17: 17 | E17: 17 | F17: 17 | G17: =SUM(C17:F17) -> 68 | H17: 13 | I17: 13 | J17: 17 | K17: 17 | L17: =SUM(H17:K17) -> 60 | M17: 17 | N17: 17 | O17: 13 | P17: 17 | Q17: 17 | R17: =SUM(M17:Q17) -> 81
A18: Итого Тестировщики | C18: =SUM(C15:C17) -> 55 | D18: =SUM(D15:D17) -> 34 | E18: =SUM(E15:E17) -> 41 | F18: =SUM(F15:F17) -> 59 | G18: =SUM(G15:G17) -> 189 | H18: =SUM(H15:H17) -> 54 | I18: =SUM(I15:I17) -> 54 | J18: =SUM(J15:J17) -> 69 | ... R18: =SUM(R15:R17) -> 302

Sheet Типовые задачи
A3: План на 1 сотрудника
A4: Должность | B4: Всего часов в спринте | C4: ТЗ | D4: Описание работ | E4: Сопровождение | F4: Описание работ | G4: Прочие задачи | H4: Описание работ
A5: Аналитик | B5: 35 | C5: 15 | D5: Время на сбор требований, написание ТЗ, согласование ТЗ и ответы на вопросы при согласовании ТЗ | E5: 10 | F5: тестирование по бизнес-процессам, сопровождение задачи после выкатки на бой | G5: 10 | H5: Организационные встречи (митапы, ретро). Рабочие встречи с заказчиками (в том числе внутренними) для обсуждения предстоящих работ (по которым еще нет задач в Битрикс/Jira)
A7: Должность | B7: Всего часов в спринте | C7: Разработка | D7: Описание работ | E7: Исправление багов при разработке | F7: Описание работ | G7: Прочие задачи | H7: Описание работ
A8: Разработчик | B8: 35 | C8: 25 | D8: Время на разработку задач спринта | E8: 5 | F8: Время на исправление багов по задачам спринта | G8: 5 | H8: Организационные встречи (митапы, ретро), оценка задач, код-ревью, обсуждение задач вне задач спринта
A10: Должность | B10: Всего часов в спринте | C10: Тестирование | D10: Описание работ | E10: Баги с прода | F10: Описание работ | G10: Прочие задачи | H10: Описание работ
A11: Тестировщик | B11: 35 | C11: 25 | D11: Тестирование задач спринта | E11: 5 | F11: Анализ выявленных багов с прода, постановка багов разработчикам или объяснение корректности работы | G11: 5 | H11: Организационные встречи (митапы, ретро и проче), обсуждение задач вне задач спринта
B14: время, учитываемое при планировании квартальных задач (любых)
